{
  "name": "bot1",
  "description": "test bot 1",
  "key": "bot1",
  "dashboard_user_id": 636,
  "uuid": "3c989d93-6620-4d27-b0c4-582ef57007e3",
  "company_id": 49,
  "entities": [

  ],
  "test_data": [

  ],
  "intents": [
    {
      "name": "how do i check my email",
      "key": "bot1_howdoicheckmyemail",
      "uuid": "a2e68107-28ad-4cb1-bbcd-81f708e73fdb",
      "training_data": [
        {
          "value": "check email",
          "uuid": "4a55c135-b82d-40d3-873c-cebc5314d15c"
        },
        {
          "value": "my mail",
          "uuid": "15a52e26-7f50-4174-8cc3-51b8107156b7"
        },
        {
          "value": "how to access mail",
          "uuid": "6fdb9f59-5dcd-4aea-b5d5-1c2d8d68e0ed"
        }
      ],
      "training_data_sets": [

      ],
      "slots": [

      ]
    },
    {
      "name": "laptop center contact",
      "key": "bot1_laptopcentercontact",
      "uuid": "572cd77f-9f41-4359-a808-143885840e6c",
      "training_data": [
        {
          "value": "laptop center contact",
          "uuid": "e44903d7-1d21-460e-85cd-477dd28ee7d1"
        }
      ],
      "training_data_sets": [

      ],
      "slots": [

      ]
    },
    {
      "name": "office location",
      "key": "bot 2_officelocation",
      "uuid": "3bc7a5fe-8e57-4188-9c54-f92baa8738b9",
      "training_data": [
        {
          "value": "my office",
          "uuid": "e2c94f5c-99fd-48bd-9627-1c67489568b0"
        },
        {
          "value": "office location",
          "uuid": "82eb5515-7d08-46c8-bf54-7348aa67d3af"
        }
      ],
      "training_data_sets": [

      ],
      "slots": [

      ]
    },
    {
      "name": "Id card access",
      "key": "bot 2_idcardaccess",
      "uuid": "2d25f377-03c0-407b-aa80-bcf0fb620889",
      "training_data": [
        {
          "value": "Id card access",
          "uuid": "0bf58bf0-397e-435f-a57a-1763f791f4dd"
        }
      ],
      "training_data_sets": [

      ],
      "slots": [

      ]
    }
  ],
  "entity_relation_ships": [

  ]
}